<?xml version="1.0" encoding="UTF-8"?>
<GenRun Id="pll_clk_synth_1" LaunchPart="xc7a100tcsg324-1" LaunchTime="1711972686">
  <File Type="REPORTS-TCL" Name="pll_clk_reports.tcl"/>
  <File Type="PA-TCL" Name="pll_clk.tcl"/>
  <File Type="RDS-DCP" Name="pll_clk.dcp"/>
  <File Type="RDS-RDS" Name="pll_clk.vds"/>
  <File Type="RDS-UTIL" Name="pll_clk_utilization_synth.rpt"/>
  <File Type="RDS-UTIL-PB" Name="pll_clk_utilization_synth.pb"/>
  <FileSet Name="sources" Type="BlockSrcs" RelSrcDir="$PSRCDIR/pll_clk">
    <File Path="$PSRCDIR/sources_1/ip/pll_clk/pll_clk.xci">
      <FileInfo>
        <Attr Name="UsedIn" Val="synthesis"/>
        <Attr Name="UsedIn" Val="implementation"/>
        <Attr Name="UsedIn" Val="simulation"/>
      </FileInfo>
    </File>
    <Config>
      <Option Name="TopModule" Val="pll_clk"/>
      <Option Name="UseBlackboxStub" Val="1"/>
    </Config>
  </FileSet>
  <FileSet Name="constrs_in" Type="BlockSrcs" RelSrcDir="$PSRCDIR/pll_clk">
    <File Path="$PSRCDIR/sources_1/ip/pll_clk/pll_clk.xci">
      <FileInfo>
        <Attr Name="UsedIn" Val="synthesis"/>
        <Attr Name="UsedIn" Val="implementation"/>
        <Attr Name="UsedIn" Val="simulation"/>
      </FileInfo>
    </File>
    <Config>
      <Option Name="TopModule" Val="pll_clk"/>
      <Option Name="UseBlackboxStub" Val="1"/>
    </Config>
  </FileSet>
  <FileSet Name="utils" Type="Utils" RelSrcDir="$PSRCDIR/utils_1">
    <Filter Type="Utils"/>
    <Config>
      <Option Name="TopAutoSet" Val="TRUE"/>
    </Config>
  </FileSet>
  <Strategy Version="1" Minor="2">
    <StratHandle Name="Vivado Synthesis Defaults" Flow="Vivado Synthesis 2020"/>
    <Step Id="synth_design"/>
  </Strategy>
</GenRun>
